-- HelpDeskDB SQL Server Compatible Script
-- (Same content as revised earlier; shortened here for space)

USE HelpDeskDB;
GO

-- DROP TABLES IF THEY EXIST
IF OBJECT_ID('ATTACHMENT', 'U') IS NOT NULL DROP TABLE ATTACHMENT;
IF OBJECT_ID('TICKET', 'U') IS NOT NULL DROP TABLE TICKET;
IF OBJECT_ID('SUBCATEGORY', 'U') IS NOT NULL DROP TABLE SUBCATEGORY;
IF OBJECT_ID('CATEGORY', 'U') IS NOT NULL DROP TABLE CATEGORY;
IF OBJECT_ID('INCIDENTORIGIN', 'U') IS NOT NULL DROP TABLE INCIDENTORIGIN;
IF OBJECT_ID('PRIORITY', 'U') IS NOT NULL DROP TABLE PRIORITY;
IF OBJECT_ID('STATUS', 'U') IS NOT NULL DROP TABLE STATUS;
IF OBJECT_ID('USERSGROUP', 'U') IS NOT NULL DROP TABLE USERSGROUP;
IF OBJECT_ID('GROUPS', 'U') IS NOT NULL DROP TABLE GROUPS;
IF OBJECT_ID('USERS', 'U') IS NOT NULL DROP TABLE USERS;
IF OBJECT_ID('DEPARTMENT', 'U') IS NOT NULL DROP TABLE DEPARTMENT;
IF OBJECT_ID('ROLES', 'U') IS NOT NULL DROP TABLE ROLES;

-- CREATE TABLES
CREATE TABLE ROLES (
    ROLE_ID VARCHAR(10) PRIMARY KEY,
    ROLE_TYP VARCHAR(25),
    ROLE_PERM VARCHAR(50)
);

CREATE TABLE DEPARTMENT (
    DPT_ID VARCHAR(10) PRIMARY KEY,
    DPT_NAME VARCHAR(50)
);

CREATE TABLE USERS (
    USER_ID VARCHAR(10) PRIMARY KEY,
    USER_FST_NAME VARCHAR(50),
    USER_LST_NAME VARCHAR(50),
    USER_EML VARCHAR(50) UNIQUE,
    DPT_ID VARCHAR(10),
    ROLE_ID VARCHAR(10),
    FOREIGN KEY (DPT_ID) REFERENCES DEPARTMENT(DPT_ID),
    FOREIGN KEY (ROLE_ID) REFERENCES ROLES(ROLE_ID)
);

CREATE TABLE GROUPS (
    GRP_ID VARCHAR(5) PRIMARY KEY,
    GRP_NAME VARCHAR(50)
);

CREATE TABLE USERSGROUP (
    USER_ID VARCHAR(10),
    GRP_ID VARCHAR(5),
    PRIMARY KEY (USER_ID, GRP_ID),
    FOREIGN KEY (USER_ID) REFERENCES USERS(USER_ID),
    FOREIGN KEY (GRP_ID) REFERENCES GROUPS(GRP_ID)
);

CREATE TABLE STATUS (
    STS_ID VARCHAR(5) PRIMARY KEY,
    STS_TYP VARCHAR(20)
);

CREATE TABLE PRIORITY (
    PRI_ID VARCHAR(5) PRIMARY KEY,
    PRI_TYP VARCHAR(20)
);

CREATE TABLE INCIDENTORIGIN (
    INC_ORI_ID VARCHAR(5) PRIMARY KEY,
    INC_ORI_TYP VARCHAR(20)
);

CREATE TABLE CATEGORY (
    CAT_ID VARCHAR(5) PRIMARY KEY,
    CAT_NAME VARCHAR(40)
);

CREATE TABLE SUBCATEGORY (
    SUB_CAT_ID VARCHAR(6) PRIMARY KEY,
    SUB_CAT_NAME VARCHAR(40),
    CAT_ID VARCHAR(5),
    FOREIGN KEY (CAT_ID) REFERENCES CATEGORY(CAT_ID)
);

CREATE TABLE TICKET (
    TKT_ID VARCHAR(5) PRIMARY KEY,
    TKT_SUBJ VARCHAR(50),
    TKT_DES VARCHAR(200),
    STS_ID VARCHAR(5),
    PRI_ID VARCHAR(5),
    INC_ORI_ID VARCHAR(5),
    CAT_ID VARCHAR(5),
    SUB_CAT_ID VARCHAR(6),
    ASS_TO_USER_ID VARCHAR(10),
    REQ_BY_USER_ID VARCHAR(10),
    CRD_DATE DATE,
    RES_DATE DATE,
    FOREIGN KEY (STS_ID) REFERENCES STATUS(STS_ID),
    FOREIGN KEY (PRI_ID) REFERENCES PRIORITY(PRI_ID),
    FOREIGN KEY (INC_ORI_ID) REFERENCES INCIDENTORIGIN(INC_ORI_ID),
    FOREIGN KEY (CAT_ID) REFERENCES CATEGORY(CAT_ID),
    FOREIGN KEY (SUB_CAT_ID) REFERENCES SUBCATEGORY(SUB_CAT_ID),
    FOREIGN KEY (ASS_TO_USER_ID) REFERENCES USERS(USER_ID),
    FOREIGN KEY (REQ_BY_USER_ID) REFERENCES USERS(USER_ID),
    CHECK (CRD_DATE <= RES_DATE)
);

CREATE TABLE ATTACHMENT (
    ATT_ID CHAR(5) PRIMARY KEY,
    TKT_ID VARCHAR(5),
    ATT_FILE_NAME VARCHAR(50),
    ATT_FILE_TYP CHAR(5),
    ATT_UPL_DATE DATE,
    FOREIGN KEY (TKT_ID) REFERENCES TICKET(TKT_ID)
);

-- INSERT SEED DATA
INSERT INTO ROLES VALUES
('R1', 'Admin', 'Full Access'),
('R2', 'User', 'View Only'),
('R3', 'Support', 'Ticket Management');

INSERT INTO DEPARTMENT VALUES
('D1', 'Operations'), ('D2', 'Maintenance'), ('D3', 'Customer Service'),
('D4', 'Signal and Communications'), ('D5', 'Control Center'),
('D6', 'Safety and Security'), ('D7', 'Human Resources'),
('D8', 'Finance'), ('D9', 'Information Technology');

INSERT INTO GROUPS VALUES
('G1', 'Hardware Support Team'), ('G2', 'Network Team'),
('G3', 'Software Development Team'), ('G4', 'Cybersecurity Team'),
('G5', 'Database Administration Team'), ('G6', 'Help Desk Support Team');

INSERT INTO STATUS VALUES
('S1', 'New'), ('S2', 'Assigned'), ('S3', 'Awaiting Input'),
('S4', 'On Hold'), ('S5', 'Resolved'), ('S6', 'Closed');

INSERT INTO PRIORITY VALUES
('P1', 'Critical'), ('P2', 'High'), ('P3', 'Medium'),
('P4', 'Low'), ('P5', 'None');

INSERT INTO INCIDENTORIGIN VALUES
('IO1', 'Email'), ('IO2', 'Web'), ('IO3', 'Portal');

INSERT INTO CATEGORY VALUES
('CAT1', 'Hardware'), ('CAT2', 'Applications'),
('CAT3', 'Networking'), ('CAT4', 'Security');

INSERT INTO SUBCATEGORY VALUES
('SUBC1', 'Workstations', 'CAT1'), ('SUBC2', 'Servers', 'CAT1'),
('SUBC3', 'Peripheral Devices', 'CAT1'), ('SUBC4', 'Network Equipment', 'CAT1'),
('SUBC5', 'Ticketing Hardware', 'CAT1'), ('SUBC6', 'POS Systems', 'CAT1'),
('SUBC7', 'Ticketing Systems', 'CAT2'), ('SUBC8', 'Train Dispatch Software', 'CAT2'),
('SUBC9', 'Control Center Software', 'CAT2'), ('SUBC10', 'Mobile Applications', 'CAT2'),
('SUBC11', 'Maintenance Management System', 'CAT2'), ('SUBC12', 'Wi-Fi', 'CAT3'),
('SUBC13', 'LAN', 'CAT3'), ('SUBC14', 'WAN', 'CAT3'), ('SUBC15', 'VPN', 'CAT3'),
('SUBC16', 'Surveillance Systems', 'CAT3'), ('SUBC17', 'Cybersecurity Threats', 'CAT4'),
('SUBC18', 'Access Control Systems', 'CAT4'), ('SUBC19', 'Firewall Issues', 'CAT4'),
('SUBC20', 'Encryption Issues', 'CAT4'), ('SUBC21', 'User Authentication', 'CAT4');

